"","chr1","chr2","chr3","chr4","chr5","chr6","chr7","chr8","chr9","chr10","chr11","chr12","chr13","chr14","chr15","chr17","chr18","chr19","chr20","chr21","chr22","chr23","chr24","chr25","chr26","chr27","chr28","chrZ"
"ngenes",2020,1311,1145,1076,917,534,516,508,440,408,361,333,331,425,362,291,313,321,344,260,128,229,181,153,253,253,252,677
"ninter",12624,9972,7141,6247,3816,2139,2296,1716,1540,1163,1309,1188,1178,869,669,516,608,500,906,348,253,348,413,98,262,242,193,4322
"gcchr",0.486663480302238,0.474779416267036,0.487782838969719,0.498960937361075,0.507409091506606,0.502881570585745,0.495183711551842,0.506811023632754,0.513436096422028,0.519893936043314,0.531671082624658,0.524511139271776,0.53293427044269,0.532473522744193,0.536538433450614,0.548739083185107,0.547471460052321,0.549793974923205,0.542374984535289,0.560029772295954,0.574571852859223,0.572744568295832,0.57199114316329,0.615265589067863,0.56857060566915,0.57799074667749,0.582207021744495,0.474629861770733
