"","Estimate","Est.Error","Q2.5","Q97.5"
"Intercept",-8.97218691479651,0.487695362445798,-9.92865812406819,-8.017981036942
"symmetry_pval",-0.730515443684372,0.27723125187495,-1.27836253237298,-0.189209143918392
"loggenlen",-0.0893425363363543,1.09513725192439,-2.23302675273459,2.07280521252963
"gcgenes",-23.8500635196508,1.65443352146186,-27.0846177575836,-20.6426448514533
"genproploc",3.11861272571594,1.28051532573859,0.599683632797813,5.59789619463381
"loggenlen:gcgenes",-2.1972545353321,3.65735276776157,-9.30113005376053,4.97145963991624
"loggenlen:genproploc",0.588390995302174,1.53914379488558,-2.46302154960186,3.57062981987226
"gcgenes:genproploc",5.36543971442934,4.48163429715402,-3.37916226848303,13.9955164546449
