"","Estimate","Est.Error","Q2.5","Q97.5"
"Intercept",-0.321856620496651,0.348362206281903,-1.01211002560683,0.358335912247272
"symmetry_pval",-1.67696672626601,0.118397866042717,-1.91258011233536,-1.44728843886251
"loggenlen",-8.97147342025507,0.634024547152009,-10.2260832232799,-7.74230507612782
"gcgenes",21.8658075795872,1.23640449734756,19.4183147525395,24.2934430219566
"genproploc",-4.78158686509588,1.12180324270847,-7.01404904821399,-2.55651760043959
"loggenlen:gcgenes",-27.7715605130734,2.17086660624238,-32.0142313708977,-23.5611559308528
"loggenlen:genproploc",0.402198247841342,0.678938056527015,-0.939972433134896,1.72679555079563
"gcgenes:genproploc",-12.9244446052297,4.05540241823844,-20.9684478962811,-4.91700132580137
